{"cameraMode":{"drawMode":0,"name":"Shaded","section":"Shading Mode"},"sceneLighting":false,"audioPlay":false,"sceneViewState":{"showFog":true,"showMaterialUpdate":false,"showSkybox":false,"showFlares":true,"showImageEffects":true,"showParticleSystems":true},"in2DMode":false,"pivot":{"x":40.0,"y":-4.999999523162842,"z":-4.76837158203125e-7},"rotation":{"x":0.43577060103416445,"y":0.004050319083034992,"z":-0.0019608563743531706,"w":0.9000483155250549},"size":28.578840255737306,"orthographic":false}